Top pages,Clicks,Impressions,CTR,Position
https://zebratracker.app/de-de/blog/pots-home-test-notes-heart-rate-blood-pressure/,2,56,3.57%,6.2
https://zebratracker.app/de-de/blog/how-to-track-coat-hanger-pain-and-limb-heaviness/,2,38,5.26%,8.37
https://zebratracker.app/blog/best-symptom-tracker-apps-for-pots-2026/,2,33,6.06%,11.18
https://zebratracker.app/blog/what-to-track-after-a-positive-tilt-table-test/,1,118,0.85%,9.36
https://zebratracker.app/de-de/blog/blood-pooling-leg-discoloration-symptom-tracker/,1,59,1.69%,8.66
https://zebratracker.app/de-de/blog/heat-intolerance-symptom-tracker-what-to-log/,1,31,3.23%,9.68
https://zebratracker.app/,1,28,3.57%,4.36
https://zebratracker.app/knowledge/eds/,1,28,3.57%,23.43
https://zebratracker.app/de-de/blog/what-does-an-orthostatic-test-help-you-record/,1,19,5.26%,10.47
https://zebratracker.app/fr-fr/blog/heat-intolerance-symptom-tracker-what-to-log/,1,14,7.14%,8.36
https://zebratracker.app/blog/best-symptom-tracker-for-dysautonomia/,1,10,10%,9
https://zebratracker.app/es-es/blog/pots-home-test-notes-heart-rate-blood-pressure/,1,9,11.11%,12.67
https://zebratracker.app/knowledge/dysautonomia/,1,9,11.11%,41.22
https://zebratracker.app/de-de/blog/best-symptom-tracker-apps-for-pots-2026/,1,8,12.5%,3.62
https://zebratracker.app/de-de/blog/what-is-a-symptom-journal/,1,7,14.29%,32.57
https://zebratracker.app/de-de/blog/how-to-track-symptoms-when-pots-eds-and-mcas-overlap/,1,5,20%,8.6
https://zebratracker.app/de-de/blog/best-symptom-tracker-for-dysautonomia/,1,3,33.33%,5.67
https://zebratracker.app/fr-fr/knowledge/salt-loading/,1,2,50%,5.5
https://zebratracker.app/fr-fr/terms/,1,2,50%,5.5
https://zebratracker.app/de-de/blog/how-to-track-orthostatic-hypotension-symptoms-at-home/,1,2,50%,8
https://zebratracker.app/es-es/blog/best-symptom-tracker-for-pots-dysautonomia-eds/,1,2,50%,8
https://zebratracker.app/de-de/blog/pots-vs-orthostatic-tachycardia-what-changes-matter/,0,106,0%,31.5
https://zebratracker.app/blog/pots-home-test-notes-heart-rate-blood-pressure/,0,69,0%,36.7
https://zebratracker.app/de-de/knowledge/pots/,0,68,0%,88.12
https://zebratracker.app/blog/palpitations-and-racing-heart-symptom-diary-what-to-track/,0,60,0%,8.1
https://zebratracker.app/fr-fr/knowledge/pots/,0,47,0%,62.02
https://zebratracker.app/fr-fr/blog/pots-vs-orthostatic-tachycardia-what-changes-matter/,0,44,0%,58.32
https://zebratracker.app/de-de/blog/what-is-orthostatic-intolerance/,0,40,0%,42.42
https://zebratracker.app/best-chronic-illness-symptom-tracker-apps/,0,39,0%,54.64
https://zebratracker.app/blog/what-is-a-symptom-journal/,0,35,0%,21.94
https://zebratracker.app/blog/how-to-track-coat-hanger-pain-and-limb-heaviness/,0,32,0%,36.81
https://zebratracker.app/es-es/blog/what-is-a-symptom-journal/,0,26,0%,11.73
https://zebratracker.app/best-pots-symptom-tracker-apps/,0,26,0%,17.65
https://zebratracker.app/blog/symptom-tracking-for-chronic-illness-doctor-ready-proof/,0,25,0%,63.36
https://zebratracker.app/fr-fr/blog/shower-and-bath-symptom-tracker-for-pots/,0,23,0%,8.48
https://zebratracker.app/de-de/knowledge/orthostatic-hypotension/,0,23,0%,70.74
https://zebratracker.app/knowledge/pots/,0,18,0%,12.72
https://zebratracker.app/es-es/knowledge/pots/,0,17,0%,75
https://zebratracker.app/blog/best-app-for-autonomic-symptom-tracking/,0,16,0%,12.25
https://zebratracker.app/de-de/blog/what-to-bring-to-a-pots-cardiology-appointment/,0,13,0%,7.38
https://zebratracker.app/de-de/support/,0,12,0%,9.25
https://zebratracker.app/es-es/knowledge/eds/,0,12,0%,51.58
https://zebratracker.app/de-de/blog/meal-and-gi-symptom-tracker-for-pots-and-eds/,0,11,0%,10.09
https://zebratracker.app/de-de/knowledge/orthostatic-test/,0,11,0%,17.27
https://zebratracker.app/blog/how-to-track-orthostatic-hypotension-symptoms-at-home/,0,11,0%,25.82
https://zebratracker.app/de-de/knowledge/orthostatic-intolerance/,0,11,0%,45.73
https://zebratracker.app/es-es/blog/pots-vs-orthostatic-tachycardia-what-changes-matter/,0,11,0%,69.36
https://zebratracker.app/zebra-vs-spreadsheet/,0,10,0%,6.9
https://zebratracker.app/de-de/blog/prepare-for-a-specialist-appointment-chronic-illness/,0,10,0%,80.6
https://zebratracker.app/es-es/knowledge/pem/,0,9,0%,4.33
https://zebratracker.app/es-es/blog/what-is-a-doctor-ready-symptom-report/,0,9,0%,7.89
https://zebratracker.app/de-de/blog/doctor-appointment-symptom-checklist/,0,9,0%,9
https://zebratracker.app/de-de/knowledge/dysautonomia/,0,9,0%,50.67
https://zebratracker.app/fr-fr/blog/doctor-appointment-symptom-checklist/,0,9,0%,85
http://zebratracker.app/,0,8,0%,2.25
https://zebratracker.app/blog/heat-intolerance-symptom-tracker-what-to-log/,0,8,0%,15.25
https://zebratracker.app/es-es/knowledge/heds/,0,8,0%,43.12
https://zebratracker.app/de-de/blog/shower-and-bath-symptom-tracker-for-pots/,0,7,0%,6
https://zebratracker.app/de-de/blog/how-to-summarize-symptoms-without-forgetting-key-details/,0,7,0%,6.14
https://zebratracker.app/fr-fr/blog/exercise-intolerance-symptom-tracker-for-pots/,0,7,0%,7.29
https://zebratracker.app/blog/blood-pooling-leg-discoloration-symptom-tracker/,0,7,0%,8
https://zebratracker.app/blog/how-to-prepare-a-monthly-symptom-summary/,0,7,0%,8.29
https://zebratracker.app/es-es/blog/shower-and-bath-symptom-tracker-for-pots/,0,7,0%,13.86
https://zebratracker.app/blog/doctor-appointment-symptom-checklist/,0,7,0%,25.29
https://zebratracker.app/es-es/blog/symptom-tracking-for-chronic-illness-doctor-ready-proof/,0,7,0%,26
https://zebratracker.app/fr-fr/blog/blood-pooling-leg-discoloration-symptom-tracker/,0,6,0%,5.5
https://zebratracker.app/de-de/blog/why-pots-eds-and-fibromyalgia-often-overlap/,0,6,0%,6
https://zebratracker.app/es-es/blog/best-app-for-autonomic-symptom-tracking/,0,6,0%,7
https://zebratracker.app/es-es/knowledge/orthostatic-intolerance/,0,6,0%,39.83
https://zebratracker.app/es-es/knowledge/orthostatic-test/,0,6,0%,49.33
https://zebratracker.app/fr-fr/blog/mcas-flare-tracker-what-to-log-during-a-reaction/,0,5,0%,4.6
https://zebratracker.app/orthostatic-vitals-test/,0,5,0%,5.4
https://zebratracker.app/fr-fr/blog/how-to-summarize-symptoms-without-forgetting-key-details/,0,5,0%,7
https://zebratracker.app/support/,0,5,0%,8.6
https://zebratracker.app/es-es/blog/heat-intolerance-symptom-tracker-what-to-log/,0,5,0%,8.8
https://zebratracker.app/blog/zebra-vs-bearable-for-pots-tracking/,0,5,0%,9.2
https://zebratracker.app/blog/standing-in-line-pots-symptom-tracker/,0,5,0%,10
https://zebratracker.app/pots-tracker/,0,5,0%,10.8
https://zebratracker.app/fr-fr/blog/how-to-track-pots-symptoms-and-orthostatic-changes/,0,5,0%,11.6
https://zebratracker.app/fr-fr/blog/why-pots-eds-and-fibromyalgia-often-overlap/,0,5,0%,16
https://zebratracker.app/blog/first-7-days-of-symptom-tracking/,0,5,0%,16.4
https://zebratracker.app/es-es/blog/what-does-an-orthostatic-test-help-you-record/,0,5,0%,24.2
https://zebratracker.app/fr-fr/blog/what-is-orthostatic-intolerance/,0,5,0%,38.4
https://zebratracker.app/de-de/knowledge/pem/,0,5,0%,69
https://zebratracker.app/fr-fr/blog/standing-in-line-pots-symptom-tracker/,0,5,0%,83.8
https://zebratracker.app/blog/what-to-track-before-an-eds-specialist-appointment/,0,4,0%,4
https://zebratracker.app/fr-fr/knowledge/chronic-illness-appointment-prep/,0,4,0%,4.75
https://zebratracker.app/blog/symptom-tracker-vs-notes-app-vs-spreadsheet/,0,4,0%,6
https://zebratracker.app/knowledge/fibromyalgia/,0,4,0%,8
https://zebratracker.app/blog/best-app-for-orthostatic-symptom-tracking/,0,4,0%,8.25
https://zebratracker.app/de-de/blog/illness-and-infection-pots-flare-tracker/,0,4,0%,8.5
https://zebratracker.app/knowledge/,0,4,0%,8.5
https://zebratracker.app/blog/fibromyalgia-flare-tracker-what-to-log/,0,4,0%,8.75
https://zebratracker.app/es-es/blog/blood-pooling-leg-discoloration-symptom-tracker/,0,4,0%,13.75
https://zebratracker.app/blog/pots-vs-orthostatic-tachycardia-what-changes-matter/,0,4,0%,23.25
https://zebratracker.app/fibromyalgia-tracker/,0,4,0%,24
https://zebratracker.app/de-de/knowledge/heds/,0,4,0%,26.5
https://zebratracker.app/blog/how-to-track-presyncope-and-dysautonomia-episodes/,0,4,0%,37.5
https://zebratracker.app/de-de/knowledge/orthostatic-tachycardia/,0,4,0%,76.75
https://zebratracker.app/es-es/blog/how-to-track-orthostatic-hypotension-symptoms-at-home/,0,4,0%,78
https://zebratracker.app/blog/,0,3,0%,4.33
https://zebratracker.app/de-de/knowledge/health-history/,0,3,0%,6
https://zebratracker.app/es-es/blog/why-pots-eds-and-fibromyalgia-often-overlap/,0,3,0%,6
https://zebratracker.app/de-de/knowledge/me-cfs/,0,3,0%,6.33
https://zebratracker.app/de-de/blog/symptom-tracking-for-chronic-illness-doctor-ready-proof/,0,3,0%,7
https://zebratracker.app/es-es/blog/best-symptom-tracker-for-dysautonomia/,0,3,0%,7.67
https://zebratracker.app/fr-fr/blog/how-to-track-symptoms-when-pots-eds-and-mcas-overlap/,0,3,0%,7.67
https://zebratracker.app/knowledge/fatigue/,0,3,0%,8
https://zebratracker.app/blog/sleep-and-fatigue-symptom-diary-what-to-track/,0,3,0%,8.67
https://zebratracker.app/es-es/blog/what-is-orthostatic-intolerance/,0,3,0%,8.67
https://zebratracker.app/blog/best-symptom-tracker-for-upright-intolerance/,0,3,0%,9
https://zebratracker.app/es-es/blog/best-app-for-dysautonomia-cardiology-appointment-prep/,0,3,0%,9
https://zebratracker.app/blog/category/appointment-preparation/,0,3,0%,9.33
https://zebratracker.app/flare-tracker/,0,3,0%,9.33
https://zebratracker.app/fr-fr/blog/what-is-a-symptom-journal/,0,3,0%,9.67
https://zebratracker.app/blog/how-to-track-symptoms-when-pots-eds-and-mcas-overlap/,0,3,0%,10.33
https://zebratracker.app/eds-tracker/,0,3,0%,10.67
https://zebratracker.app/de-de/knowledge/flare/,0,3,0%,12.67
https://zebratracker.app/es-es/blog/first-7-days-of-symptom-tracking/,0,3,0%,13.33
https://zebratracker.app/blog/migraine-and-headache-symptom-diary-what-to-track/,0,3,0%,23
https://zebratracker.app/blog/best-symptom-tracker-for-pots-dysautonomia-eds/,0,3,0%,26.67
https://zebratracker.app/de-de/knowledge/brain-fog/,0,3,0%,81.33
https://zebratracker.app/de-de/blog/mcas-flare-tracker-what-to-log-during-a-reaction/,0,2,0%,2
https://zebratracker.app/knowledge/mcas/,0,2,0%,3
https://zebratracker.app/de-de/blog/travel-day-symptom-tracker-for-pots/,0,2,0%,4
https://zebratracker.app/de-de/knowledge/exercise-intolerance/,0,2,0%,5.5
https://zebratracker.app/fr-fr/knowledge/activities-of-daily-living/,0,2,0%,5.5
https://zebratracker.app/blog/how-to-summarize-symptoms-without-forgetting-key-details/,0,2,0%,6
https://zebratracker.app/de-de/knowledge/invisible-illness/,0,2,0%,6.5
https://zebratracker.app/es-es/blog/how-to-track-functional-impact-for-a-doctor-appointment/,0,2,0%,6.5
https://zebratracker.app/fr-fr/blog/migraine-and-headache-symptom-diary-what-to-track/,0,2,0%,6.5
https://zebratracker.app/blog/symptom-tracker-for-doctor-appointments/,0,2,0%,7
https://zebratracker.app/es-es/knowledge/chronic-illness-appointment-prep/,0,2,0%,7.5
https://zebratracker.app/fr-fr/blog/what-is-a-doctor-ready-symptom-report/,0,2,0%,7.5
https://zebratracker.app/terms/,0,2,0%,7.5
https://zebratracker.app/fr-fr/privacy/,0,2,0%,8
https://zebratracker.app/es-es/blog/how-to-track-coat-hanger-pain-and-limb-heaviness/,0,2,0%,9
https://zebratracker.app/de-de/blog/sleep-and-fatigue-symptom-diary-what-to-track/,0,2,0%,9.5
https://zebratracker.app/de-de/blog/symptom-tracker-vs-notes-app-vs-spreadsheet/,0,2,0%,9.5
https://zebratracker.app/es-es/blog/why-symptom-tracking-fails-on-bad-days/,0,2,0%,9.5
https://zebratracker.app/appointment-prep-checklist/,0,2,0%,10.5
https://zebratracker.app/fr-fr/blog/how-eds-and-dysautonomia-symptoms-overlap/,0,2,0%,10.5
https://zebratracker.app/fr-fr/blog/symptom-tracking-for-chronic-illness-doctor-ready-proof/,0,2,0%,20.5
https://zebratracker.app/symptom-tracker-for-invisible-illness/,0,2,0%,24
https://zebratracker.app/de-de/blog/standing-in-line-pots-symptom-tracker/,0,2,0%,25.5
https://zebratracker.app/blog/best-app-for-pots-cardiology-appointment-prep/,0,2,0%,27
https://zebratracker.app/fr-fr/blog/how-to-track-orthostatic-hypotension-symptoms-at-home/,0,2,0%,36
https://zebratracker.app/blog/what-is-a-doctor-ready-symptom-report/,0,2,0%,36.5
https://zebratracker.app/es-es/blog/how-to-track-symptoms-when-pots-eds-and-mcas-overlap/,0,2,0%,39
https://zebratracker.app/de-de/blog/how-to-track-pots-symptoms-and-orthostatic-changes/,0,2,0%,48.5
https://zebratracker.app/blog/bearable-vs-zebra-chronic-illness-tracking/,0,1,0%,2
https://zebratracker.app/blog/illness-and-infection-pots-flare-tracker/,0,1,0%,2
https://zebratracker.app/de-de/blog/zebra-vs-visible-for-chronic-illness-tracking/,0,1,0%,2
https://zebratracker.app/es-es/knowledge/long-covid/,0,1,0%,2
https://zebratracker.app/fr-fr/,0,1,0%,2
https://zebratracker.app/fr-fr/knowledge/baseline-symptoms/,0,1,0%,2
https://zebratracker.app/blog/category/symptom-tracking/,0,1,0%,3
https://zebratracker.app/blog/menstrual-cycle-flare-tracker-what-to-log/,0,1,0%,3
https://zebratracker.app/doctor-report/,0,1,0%,3
https://zebratracker.app/knowledge/trigger/,0,1,0%,3
https://zebratracker.app/de-de/,0,1,0%,4
https://zebratracker.app/de-de/blog/bearable-vs-zebra-chronic-illness-tracking/,0,1,0%,4
https://zebratracker.app/de-de/blog/menstrual-cycle-flare-tracker-what-to-log/,0,1,0%,4
https://zebratracker.app/de-de/knowledge/fibromyalgia/,0,1,0%,4
https://zebratracker.app/de-de/knowledge/symptom-severity/,0,1,0%,4
https://zebratracker.app/es-es/knowledge/flare/,0,1,0%,4
https://zebratracker.app/fr-fr/blog/zebra-vs-visible-for-chronic-illness-tracking/,0,1,0%,4
https://zebratracker.app/knowledge/doctor-ready-report/,0,1,0%,4
https://zebratracker.app/knowledge/tachycardia/,0,1,0%,4
https://zebratracker.app/fr-fr/blog/what-to-track-after-a-positive-tilt-table-test/,0,1,0%,5
https://zebratracker.app/knowledge/compression-garments/,0,1,0%,5
https://zebratracker.app/de-de/blog/best-app-for-pots-cardiology-appointment-prep/,0,1,0%,6
https://zebratracker.app/es-es/blog/best-symptom-tracker-apps-for-pots-2026/,0,1,0%,6
https://zebratracker.app/fr-fr/blog/first-7-days-of-symptom-tracking/,0,1,0%,6
https://zebratracker.app/authors/,0,1,0%,7
https://zebratracker.app/blog/best-symptom-tracker-for-orthostatic-intolerance/,0,1,0%,7
https://zebratracker.app/blog/how-to-keep-a-symptom-journal-with-brain-fog/,0,1,0%,7
https://zebratracker.app/blog/shower-and-bath-symptom-tracker-for-pots/,0,1,0%,7
https://zebratracker.app/blog/zebra-vs-visible-for-chronic-illness-tracking/,0,1,0%,7
https://zebratracker.app/de-de/knowledge/salt-loading/,0,1,0%,7
https://zebratracker.app/es-es/blog/how-to-track-salt-fluids-and-flares/,0,1,0%,7
https://zebratracker.app/fr-fr/blog/palpitations-and-racing-heart-symptom-diary-what-to-track/,0,1,0%,7
https://zebratracker.app/blog/best-symptom-tracker-for-eds-and-dysautonomia-overlap/,0,1,0%,8
https://zebratracker.app/de-de/blog/morning-pots-symptom-tracker-what-to-log/,0,1,0%,8
https://zebratracker.app/de-de/knowledge/baseline-symptoms/,0,1,0%,8
https://zebratracker.app/fr-fr/blog/what-to-track-before-a-specialist-appointment/,0,1,0%,8
https://zebratracker.app/knowledge/pem/,0,1,0%,8
https://zebratracker.app/knowledge/salt-loading/,0,1,0%,8
https://zebratracker.app/de-de/blog/how-to-track-brain-fog-symptoms-for-a-doctor-appointment/,0,1,0%,9
https://zebratracker.app/de-de/blog/what-to-track-before-an-eds-specialist-appointment/,0,1,0%,9
https://zebratracker.app/es-es/blog/doctor-appointment-symptom-checklist/,0,1,0%,9
https://zebratracker.app/es-es/blog/fibromyalgia-flare-tracker-what-to-log/,0,1,0%,9
https://zebratracker.app/es-es/blog/migraine-and-headache-symptom-diary-what-to-track/,0,1,0%,9
https://zebratracker.app/es-es/blog/prepare-for-a-specialist-appointment-chronic-illness/,0,1,0%,9
https://zebratracker.app/es-es/knowledge/doctor-ready-report/,0,1,0%,9
https://zebratracker.app/es-es/knowledge/salt-loading/,0,1,0%,9
https://zebratracker.app/fr-fr/blog/how-to-track-coat-hanger-pain-and-limb-heaviness/,0,1,0%,9
https://zebratracker.app/knowledge/hydration/,0,1,0%,9
https://zebratracker.app/blog/category/comparisons/,0,1,0%,10
https://zebratracker.app/blog/why-symptom-tracking-fails-on-bad-days/,0,1,0%,10
https://zebratracker.app/de-de/blog/exercise-intolerance-symptom-tracker-for-pots/,0,1,0%,10
https://zebratracker.app/de-de/blog/first-7-days-of-symptom-tracking/,0,1,0%,10
https://zebratracker.app/de-de/blog/how-to-organize-your-health-history-for-a-doctor-visit/,0,1,0%,10
https://zebratracker.app/es-es/blog/best-app-for-orthostatic-symptom-tracking/,0,1,0%,10
https://zebratracker.app/es-es/blog/symptom-tracker-for-doctor-appointments/,0,1,0%,10
https://zebratracker.app/knowledge/exercise-intolerance/,0,1,0%,10
https://zebratracker.app/zebra-vs-apple-notes/,0,1,0%,10
https://zebratracker.app/es-es/blog/best-app-for-pots-cardiology-appointment-prep/,0,1,0%,11
https://zebratracker.app/es-es/blog/how-to-track-medication-changes-during-a-flare/,0,1,0%,11
https://zebratracker.app/es-es/knowledge/fibromyalgia/,0,1,0%,11
https://zebratracker.app/knowledge/invisible-illness/,0,1,0%,11
https://zebratracker.app/de-de/blog/palpitations-and-racing-heart-symptom-diary-what-to-track/,0,1,0%,13
https://zebratracker.app/es-es/blog/illness-and-infection-pots-flare-tracker/,0,1,0%,14
https://zebratracker.app/blog/why-pots-eds-and-fibromyalgia-often-overlap/,0,1,0%,22
https://zebratracker.app/es-es/knowledge/exercise-intolerance/,0,1,0%,23
https://zebratracker.app/blog/what-is-orthostatic-intolerance/,0,1,0%,26
https://zebratracker.app/blog/morning-pots-symptom-tracker-what-to-log/,0,1,0%,33
https://zebratracker.app/es-es/knowledge/mcas/,0,1,0%,51
https://zebratracker.app/knowledge/dizziness/,0,1,0%,52
https://zebratracker.app/fr-fr/blog/what-does-an-orthostatic-test-help-you-record/,0,1,0%,53
https://zebratracker.app/de-de/knowledge/fatigue/,0,1,0%,56
https://zebratracker.app/de-de/knowledge/tachycardia/,0,1,0%,64
https://zebratracker.app/fr-fr/knowledge/health-history/,0,1,0%,74
https://zebratracker.app/es-es/blog/how-to-track-pots-symptoms-and-orthostatic-changes/,0,1,0%,76
https://zebratracker.app/es-es/blog/how-to-track-presyncope-and-dysautonomia-episodes/,0,1,0%,76
https://zebratracker.app/knowledge/orthostatic-hypotension/,0,1,0%,77
https://zebratracker.app/blog/how-to-track-pots-symptoms-and-orthostatic-changes/,0,1,0%,84