Top queries,Clicks,Impressions,CTR,Position
what is the next step after a positive tilt table test,1,111,0.9%,8.57
coat hanger pain deutsch,1,23,4.35%,9.61
pots test zuhause,1,22,4.55%,5.95
bloodpooling,1,3,33.33%,4
pots symptom tracker app,1,2,50%,8
hitzeintoleranz,1,1,100%,15
pots,0,138,0%,51.15
orthostatische intoleranz,0,40,0%,38.83
blood pooling deutsch,0,29,0%,10.76
symptom journal,0,17,0%,10.12
orthostatischer test,0,14,0%,10.36
orthostatische hypotonie,0,14,0%,71.21
symptom tracking,0,13,0%,64.92
eds,0,12,0%,51.33
pagepots app,0,11,0%,2.91
health condition tracking app,0,11,0%,70
zebra support,0,10,0%,7.2
"ich leve in deutschland ich bin ein injektionsverschreibender facharzt mit 
fokus auf evidenz, studienergebnisse und behandlungsoptimierung. ich möchte 
belastbare und evidenzbasierte studiendaten und eine klare differenzierung, 
bevor ich mein verschreibungsverhalten ändere. wie oft muss ich termine für 
leqvio-injektionen vereinbaren und wird das in meinen aktuellen alltag 
passen?",0,10,0%,80.6
seguimiento diario de síntomas,0,9,0%,16.89
checklist consultation médicale,0,9,0%,85
pemhub,0,8,0%,3.75
diario de control de síntomas,0,8,0%,17.25
pots bei hitze,0,7,0%,11
heds,0,7,0%,37.14
pots test at home,0,7,0%,39.57
at home pots test,0,7,0%,39.86
symptom tracker for chronic illness,0,6,0%,58.33
pots und hitze,0,5,0%,11
dysautonomia symptom tracker,0,5,0%,21.6
coat hanger syndrome,0,5,0%,44.4
dysautonomie,0,5,0%,59.4
pem,0,5,0%,69
pots que es,0,5,0%,81.6
zebra vitals,0,4,0%,3
pots hub,0,4,0%,10
diario de sintomas,0,4,0%,11.5
pots tracking app,0,4,0%,13.75
symptoms journal,0,4,0%,28.75
test pots,0,4,0%,52.25
symptom diary,0,4,0%,70
orthostatisch,0,4,0%,72
pots disease,0,4,0%,77.25
yes,0,3,0%,6
pots app,0,3,0%,32
symptom tracker journal,0,3,0%,35.67
chronic illness tracker app,0,3,0%,51.67
coat hanger pain,0,3,0%,55.67
syndrome de pots,0,3,0%,58.33
best symptom tracker app,0,3,0%,63
chronic health tracker,0,3,0%,67.33
prueba de ortostatismo,0,3,0%,69
dysautonomia symptom checker,0,3,0%,74
brain fog,0,3,0%,81.33
how to track symptoms for doctor,0,3,0%,84.33
pots syndrome,0,3,0%,91.33
"""dysautonomia"" -site:reddit.com -site:twitter.com -site:x.com 
-site:wykop.pl -site:tripadvisor.com -site:youtube.com -site:yelp.com 
-site:booking.com -site:facebook.com -site:instagram.com -site:tiktok.com",0,2,0%,4
pots hitzeintoleranz,0,2,0%,5.5
yes please,0,2,0%,6
eds pots,0,2,0%,11
pots selbsttest,0,2,0%,11
pots tracker app,0,2,0%,17
apps for pots,0,2,0%,26.5
blood pooling,0,2,0%,26.5
coat hanger sign,0,2,0%,31
pots blood pressure readings,0,2,0%,32
pots deutsch,0,2,0%,33
eds zebra,0,2,0%,33.5
postural orthostatic tachycardia syndrome in french,0,2,0%,34.5
symptom record,0,2,0%,41
pots in french,0,2,0%,45
postural orthostatic tachycardia syndrome,0,2,0%,46
presyncope episodes,0,2,0%,50
symptomtagebuch,0,2,0%,50.5
dysautonomia,0,2,0%,54
symptom tagebuch,0,2,0%,54
coat hanger pain causes,0,2,0%,54.5
pot test,0,2,0%,55.5
asympathikotone orthostatische hypotonie,0,2,0%,59
chronic illness symptom tracker,0,2,0%,59
coathanger pain,0,2,0%,61
intolerância ortostática,0,2,0%,65.5
maladie pots,0,2,0%,67.5
pots test online,0,2,0%,68.5
orthostatic hypotension test,0,2,0%,70.5
postural orthostatic tachycardia syndrome deutsch,0,2,0%,71
symptom tracking for business,0,2,0%,71
tachycardie posturale,0,2,0%,75.5
diagnostic pots,0,2,0%,81.5
pots testen,0,2,0%,82
pots stare,0,2,0%,86
orthostatische dysregulation,0,2,0%,86.5
orthostatische,0,2,0%,89
ja,0,1,0%,1
blood pressure,0,1,0%,2
what else,0,1,0%,3
ja bitte,0,1,0%,4
mcas pots and eds,0,1,0%,5
both,0,1,0%,7
dysautonomie selbsttest,0,1,0%,8
pots zebra,0,1,0%,9
blood polling,0,1,0%,10
diario de síntomas,0,1,0%,10
dysautonomie chaleur,0,1,0%,10
pots fibromyalgia,0,1,0%,10
was ist hitzeintoleranz,0,1,0%,10
palpitations symptom diary what to record authoritative source,0,1,0%,11
summary of symptoms,0,1,0%,11
pots apps,0,1,0%,12
potsie app,0,1,0%,12
rastreo medico,0,1,0%,12
test ortostatico,0,1,0%,13
sleep and symptom tracker,0,1,0%,15
pots tests at home,0,1,0%,22
pots vs fibromyalgia,0,1,0%,22
intolerancia al ejercicio,0,1,0%,23
pots en français,0,1,0%,24
orthostatische test,0,1,0%,28
home test for pots,0,1,0%,29
orthostatic heart rate test,0,1,0%,30
zebra drucker service,0,1,0%,31
app for pots syndrome,0,1,0%,32
what does coat hanger pain feel like,0,1,0%,32
chop protocol pots app,0,1,0%,33
pots morning symptoms,0,1,0%,33
pots.,0,1,0%,33
pots dysautonomia,0,1,0%,34
pots stand test at home,0,1,0%,34
heds zebra,0,1,0%,35
que significa eds,0,1,0%,35
zebra condition,0,1,0%,36
coat hanger effect,0,1,0%,37
how to test yourself for pots,0,1,0%,38
pots heart rate chart,0,1,0%,38
tachycardie orthostatique,0,1,0%,39
postural orthostatic tachycardia,0,1,0%,40
pots blood pressure test,0,1,0%,40
dysautonomie lebenserwartung,0,1,0%,42
pots blood pressure chart,0,1,0%,42
orthostatic,0,1,0%,45
orthostatic test results,0,1,0%,45
10 minute stand test,0,1,0%,46
treatment for positive tilt table test,0,1,0%,46
orthostatic hypotension test at home,0,1,0%,47
pots-symptome,0,1,0%,48
intolérance orthostatique,0,1,0%,49
pots en francais,0,1,0%,49
coat hanger pain symptoms,0,1,0%,50
how to test for pots disease,0,1,0%,51
intolerancia ortostática,0,1,0%,51
mcas,0,1,0%,51
symptom checklist for doctor visit,0,1,0%,51
coat hanger pain location,0,1,0%,52
home pots test,0,1,0%,52
can you test for pots at home,0,1,0%,53
test orthostatique,0,1,0%,53
coat hanger muscle,0,1,0%,54
pots symptome,0,1,0%,54
what is coat hanger pain,0,1,0%,54
how to do pots test,0,1,0%,57
orthostase syndrom,0,1,0%,57
pots standing test,0,1,0%,57
clothes hanger pain,0,1,0%,58
orthostatics test,0,1,0%,59
symptom tracker app for fibromyalgia,0,1,0%,59
chronic illness tracker,0,1,0%,63
rthostatic intolerance,0,1,0%,63
orthostase test,0,1,0%,64
sympathikotone orthostatische hypotonie,0,1,0%,65
hypotension orthostatique symptomes,0,1,0%,67
chronic illness app,0,1,0%,68
orthostatic intolerance,0,1,0%,68
orthostatic intolerant,0,1,0%,70
pots syndrome test at home,0,1,0%,72
symptom tracking vs mechanism tracking,0,1,0%,72
pots diagnostic,0,1,0%,74
orthostatic tachycardia,0,1,0%,75
hypotension postural,0,1,0%,76
orthostatischer schwindel,0,1,0%,78
pots conditon,0,1,0%,83
zebra diagnoses,0,1,0%,84
pots syndome,0,1,0%,87
postural hypotension assessment,0,1,0%,88
syndrome pots,0,1,0%,88
"i am a patient who has recently been diagnosed with a disease. i want to 
understand what this means for my day-to-day life, how i can safely manage 
this condition, and where i can find information about obtaining medication 
i might need in the future. can i track my order once it's shipped from 
lilly.com?",0,1,0%,90
pots spectrum,0,1,0%,92
pots medical,0,1,0%,93
pots español,0,1,0%,94
pots diagnosis,0,1,0%,97
pots sx,0,1,0%,97